Question,LLM,Type,Iteration,Clarity&Simplicity,Instructions,Data,Axis&LL,Color,Example,Interpretation,Software
Q3,GPT4,NCH,1,9,9,8,8,8,9,7,9
Q3,GPT4,NCH,2,9,9,8,9,8,9,8,8
Q3,GPT4,NCH,3,9,9,8,9,8,10,7,9
Q3,GPT4,NCH,4,9,9,8,9,9,9,8,9
Q3,GPT4,NCH,5,8,9,7,7,7,8,7,8
Q3,GPT4,NCH,6,9,9,8,9,8,9,9,8
Q3,GPT4,NCH,7,9,9,8,8,7,9,8,8
Q3,GPT4,NCH,8,9,9,9,8,7,9,8,8
Q3,GPT4,NCH,9,9,9,9,8,7,9,8,9
Q3,GPT4,NCH,10,9,9,8,8,8,8,8,9
Q3,GPT4,SCH,1,9,9,9,8,7,9,8,9
Q3,GPT4,SCH,2,9,9,9,9,8,9,8,9
Q3,GPT4,SCH,3,9,9,8,8,7,8,8,9
Q3,GPT4,SCH,4,9,9,8,9,8,9,8,9
Q3,GPT4,SCH,5,9,9,8,9,8,9,8,8
Q3,GPT4,SCH,6,9,9,8,9,8,9,8,9
Q3,GPT4,SCH,7,9,9,8,8,7,8,8,9
Q3,GPT4,SCH,8,9,9,8,8,8,9,8,8
Q3,GPT4,SCH,9,9,9,8,9,8,9,8,9
Q3,GPT4,SCH,10,9,9,8,9,9,9,8,9
Q3,PaLM2,NCH,1,7,7,6,8,8,1,7,6
Q3,PaLM2,NCH,2,7,7,7,7,7,1,6,1
Q3,PaLM2,NCH,3,7,8,7,7,7,1,6,8
Q3,PaLM2,NCH,4,7,7,8,7,5,1,5,3
Q3,PaLM2,NCH,5,7,7,6,7,7,1,5,1
Q3,PaLM2,NCH,6,8,8,7,8,7,1,7,1
Q3,PaLM2,NCH,7,7,7,5,7,6,1,6,1
Q3,PaLM2,NCH,8,7,7,7,8,7,1,6,1
Q3,PaLM2,NCH,9,8,8,9,8,8,1,7,7
Q3,PaLM2,NCH,10,7,7,7,8,8,1,7,1
Q3,PaLM2,SCH,1,8,8,6,8,7,1,6,7
Q3,PaLM2,SCH,2,8,9,9,9,8,2,7,8
Q3,PaLM2,SCH,3,8,8,8,8,8,1,6,7
Q3,PaLM2,SCH,4,7,8,6,7,7,1,6,7
Q3,PaLM2,SCH,5,7,7,6,7,7,2,5,7
Q3,PaLM2,SCH,6,7,7,6,8,7,2,6,6
Q3,PaLM2,SCH,7,8,7,7,8,7,1,6,7
Q3,PaLM2,SCH,8,8,8,6,7,7,2,6,7
Q3,PaLM2,SCH,9,7,7,7,8,8,2,6,7
Q3,PaLM2,SCH,10,8,8,6,7,7,2,6,6
Q3,Llama2,NCH,1,8,9,8,9,7,10,7,8
Q3,Llama2,NCH,2,8,9,7,8,6,9,5,8
Q3,Llama2,NCH,3,8,9,7,8,6,9,6,8
Q3,Llama2,NCH,4,7,7,8,7,6,1,8,8
Q3,Llama2,NCH,5,8,8,8,8,8,9,7,8
Q3,Llama2,NCH,6,8,8,8,7,7,9,6,7
Q3,Llama2,NCH,7,8,9,8,8,7,9,6,7
Q3,Llama2,NCH,8,7,8,8,7,6,8,6,7
Q3,Llama2,NCH,9,9,9,8,8,9,1,9,7
Q3,Llama2,NCH,10,8,9,7,8,7,8,7,8
Q3,Llama2,SCH,1,6,6,7,7,5,8,4,7
Q3,Llama2,SCH,2,8,9,8,8,8,9,8,8
Q3,Llama2,SCH,3,8,8,7,7,7,8,7,8
Q3,Llama2,SCH,4,8,8,8,7,8,8,7,7
Q3,Llama2,SCH,5,8,8,7,7,6,8,6,8
Q3,Llama2,SCH,6,6,6,7,6,5,7,6,7
Q3,Llama2,SCH,7,8,8,7,7,7,5,8,6
Q3,Llama2,SCH,8,7,6,7,6,6,7,5,6
Q3,Llama2,SCH,9,7,8,6,7,8,8,6,8
Q3,Llama2,SCH,10,6,6,7,7,6,7,6,7
Q6,GPT4,NCH,1,9,9,7,8,7,9,8,9
Q6,GPT4,NCH,2,9,9,8,9,7,10,8,10
Q6,GPT4,NCH,3,8,9,7,8,7,8,8,8
Q6,GPT4,NCH,4,8,8,6,7,7,8,7,8
Q6,GPT4,NCH,5,8,9,8,9,6,9,8,8
Q6,GPT4,NCH,6,9,9,8,8,7,9,8,8
Q6,GPT4,NCH,7,9,9,8,9,7,8,8,9
Q6,GPT4,NCH,8,9,9,8,9,7,9,7,8
Q6,GPT4,NCH,9,9,9,8,9,7,10,8,8
Q6,GPT4,NCH,10,9,9,8,9,7,9,8,8
Q6,GPT4,SCH,1,8,9,8,9,7,8,8,8
Q6,GPT4,SCH,2,9,9,7,8,7,8,8,8
Q6,GPT4,SCH,3,9,9,8,8,7,9,8,8
Q6,GPT4,SCH,4,9,9,8,9,7,9,8,8
Q6,GPT4,SCH,5,9,9,9,8,8,9,8,8
Q6,GPT4,SCH,6,9,9,8,9,7,9,8,9
Q6,GPT4,SCH,7,9,9,8,9,8,10,8,8
Q6,GPT4,SCH,8,9,9,8,9,8,9,8,9
Q6,GPT4,SCH,9,9,9,8,9,8,9,7,8
Q6,GPT4,SCH,10,9,9,8,8,7,9,8,8
Q6,PaLM2,NCH,1,7,6,5,7,6,1,7,1
Q6,PaLM2,NCH,2,7,6,5,7,1,1,6,1
Q6,PaLM2,NCH,3,6,7,4,7,1,1,6,1
Q6,PaLM2,NCH,4,7,7,5,6,1,4,7,1
Q6,PaLM2,NCH,5,7,6,5,6,6,1,7,1
Q6,PaLM2,NCH,6,7,6,5,7,7,1,7,1
Q6,PaLM2,NCH,7,7,8,5,8,7,1,6,1
Q6,PaLM2,NCH,8,7,7,5,8,6,1,7,1
Q6,PaLM2,NCH,9,7,7,6,6,1,1,7,1
Q6,PaLM2,NCH,10,7,7,6,6,5,1,7,1
Q6,PaLM2,SCH,1,6,6,5,6,1,1,6,1
Q6,PaLM2,SCH,2,8,8,6,8,6,1,7,1
Q6,PaLM2,SCH,3,7,8,6,8,5,1,7,1
Q6,PaLM2,SCH,4,8,8,6,9,6,1,7,1
Q6,PaLM2,SCH,5,7,7,6,7,5,1,7,1
Q6,PaLM2,SCH,6,7,7,6,7,6,1,7,1
Q6,PaLM2,SCH,7,7,8,6,8,6,1,7,1
Q6,PaLM2,SCH,8,7,8,6,8,6,1,7,1
Q6,PaLM2,SCH,9,7,8,6,7,5,1,7,1
Q6,PaLM2,SCH,10,7,8,7,8,6,1,7,1
Q6,Llama2,NCH,1,7,7,7,5,5,1,6,1
Q6,Llama2,NCH,2,8,8,8,8,7,9,7,8
Q6,Llama2,NCH,3,6,7,6,6,6,1,6,8
Q6,Llama2,NCH,4,8,8,8,5,1,1,8,6
Q6,Llama2,NCH,5,7,7,6,7,6,8,7,7
Q6,Llama2,NCH,6,7,7,5,8,7,1,8,6
Q6,Llama2,NCH,7,7,7,6,8,6,1,6,1
Q6,Llama2,NCH,8,8,8,7,8,5,1,8,1
Q6,Llama2,NCH,9,7,7,6,6,1,1,7,1
Q6,Llama2,NCH,10,8,7,7,7,5,1,7,1
Q6,Llama2,SCH,1,7,7,6,7,6,1,7,1
Q6,Llama2,SCH,2,7,8,5,7,6,1,8,1
Q6,Llama2,SCH,3,8,9,7,8,7,1,8,1
Q6,Llama2,SCH,4,7,7,6,8,6,1,7,1
Q6,Llama2,SCH,5,7,8,6,8,7,1,7,1
Q6,Llama2,SCH,6,7,7,6,8,8,1,7,1
Q6,Llama2,SCH,7,7,8,7,8,7,1,7,1
Q6,Llama2,SCH,8,7,8,5,7,4,1,7,5
Q6,Llama2,SCH,9,8,7,6,8,6,1,7,1
Q6,Llama2,SCH,10,6,7,5,6,6,1,7,1
Q9,GPT4,NCH,1,9,9,9,8,9,9,8,9
Q9,GPT4,NCH,2,9,9,8,9,9,9,8,9
Q9,GPT4,NCH,3,9,9,8,8,8,9,8,8
Q9,GPT4,NCH,4,9,9,8,9,9,8,8,9
Q9,GPT4,NCH,5,9,9,8,8,7,8,8,9
Q9,GPT4,NCH,6,9,9,8,9,9,9,9,8
Q9,GPT4,NCH,7,9,9,8,8,9,9,9,8
Q9,GPT4,NCH,8,9,9,8,8,9,9,8,9
Q9,GPT4,NCH,9,8,9,8,9,9,8,9,8
Q9,GPT4,NCH,10,9,9,7,8,8,9,7,8
Q9,GPT4,SCH,1,9,9,8,8,8,10,7,10
Q9,GPT4,SCH,2,9,10,9,10,9,10,8,9
Q9,GPT4,SCH,3,9,9,8,9,9,10,8,8
Q9,GPT4,SCH,4,9,10,8,8,9,10,9,10
Q9,GPT4,SCH,5,9,9,9,9,8,10,8,8
Q9,GPT4,SCH,6,9,9,8,9,9,10,8,9
Q9,GPT4,SCH,7,9,9,9,8,9,9,9,8
Q9,GPT4,SCH,8,9,9,8,8,8,10,8,9
Q9,GPT4,SCH,9,9,10,8,9,9,10,8,9
Q9,GPT4,SCH,10,9,9,9,9,9,10,9,9
Q9,PaLM2,NCH,1,7,6,5,7,7,1,6,1
Q9,PaLM2,NCH,2,8,7,6,8,7,1,7,1
Q9,PaLM2,NCH,3,7,7,6,7,7,1,7,1
Q9,PaLM2,NCH,4,7,7,5,7,7,1,7,1
Q9,PaLM2,NCH,5,7,7,6,7,7,1,7,1
Q9,PaLM2,NCH,6,7,5,5,6,2,1,8,1
Q9,PaLM2,NCH,7,7,6,5,7,7,1,7,1
Q9,PaLM2,NCH,8,8,7,6,7,7,1,8,5
Q9,PaLM2,NCH,9,7,7,6,7,8,1,7,1
Q9,PaLM2,NCH,10,8,7,6,7,7,1,8,1
Q9,PaLM2,SCH,1,7,6,4,5,6,1,8,1
Q9,PaLM2,SCH,2,6,6,5,5,7,1,6,1
Q9,PaLM2,SCH,3,7,7,5,7,6,1,8,1
Q9,PaLM2,SCH,4,7,7,5,7,8,1,8,1
Q9,PaLM2,SCH,5,7,6,4,7,6,1,8,1
Q9,PaLM2,SCH,6,7,6,4,7,7,1,7,1
Q9,PaLM2,SCH,7,6,6,5,6,7,1,7,1
Q9,PaLM2,SCH,8,6,6,3,5,6,1,7,1
Q9,PaLM2,SCH,9,8,7,6,6,7,1,8,1
Q9,PaLM2,SCH,10,7,7,6,7,7,1,8,1
Q9,Llama2,NCH,1,8,7,6,8,5,7,8,9
Q9,Llama2,NCH,2,7,7,5,7,4,6,5,6
Q9,Llama2,NCH,3,6,6,4,5,1,1,6,1
Q9,Llama2,NCH,4,6,5,3,5,4,1,6,1
Q9,Llama2,NCH,5,7,7,5,7,6,1,7,1
Q9,Llama2,NCH,6,6,6,5,6,6,1,5,1
Q9,Llama2,NCH,7,5,4,4,3,6,1,6,1
Q9,Llama2,NCH,8,7,7,6,8,7,6,7,5
Q9,Llama2,NCH,9,7,6,6,7,7,1,7,1
Q9,Llama2,NCH,10,6,5,2,4,6,1,5,1
Q9,Llama2,SCH,1,7,7,5,7,8,1,7,5
Q9,Llama2,SCH,2,7,7,4,8,8,1,7,1
Q9,Llama2,SCH,3,6,8,5,7,7,1,7,1
Q9,Llama2,SCH,4,8,8,6,6,7,2,8,9
Q9,Llama2,SCH,5,7,7,5,8,7,1,7,6
Q9,Llama2,SCH,6,7,8,6,8,6,1,7,6
Q9,Llama2,SCH,7,7,5,2,6,1,1,7,2
Q9,Llama2,SCH,8,6,5,3,5,1,1,7,1
Q9,Llama2,SCH,9,7,7,6,7,8,1,7,5
Q9,Llama2,SCH,10,6,6,4,6,5,1,7,1